,zcta,total population,male,female,median age in years,hispanic or latino of any race,white alone,black or african american alone,asian alone,per-capita income,public transportation (excluding taxicab),average household size,positive,total tests,some_other_race,Education Index
0,10006,3454,0.47278517660683267,0.5272148233931674,31.8,0.11986103068905617,0.6320208453966416,0.010422698320787493,0.1988998262883613,114611,0.4212507237984945,1.93,0.0031847133757961785,0.012738853503184714,0.038795599305153444,0.9335848426681913
1,10007,7023,0.5863591057952442,0.4136408942047558,36.0,0.08258578954862594,0.7199202619962979,0.04186245194361384,0.11761355546062936,147547,0.3007261853908586,2.25,0.004841235939057383,0.01552043286344867,0.038017941050832976,0.7850491855456387
2,10005,8831,0.4532895481825388,0.5467104518174613,30.1,0.06884837504246405,0.6943720982901144,0.02479900351036123,0.16951647605027742,106702,0.4766164647265315,2.02,0.004416260899105424,0.013248782697316273,0.04246404710678292,0.8473209935370265
3,10280,9384,0.47708866155157714,0.5229113384484229,38.1,0.08802216538789429,0.7046035805626598,0.017476555839727195,0.15707587382779198,110785,0.3095694799658994,2.06,0.0029838022165387893,0.008844842284739984,0.032821824381926684,0.8755840326079946
4,10065,28109,0.43573232772421644,0.5642676722757836,39.8,0.06577964353054182,0.8070013163043865,0.02045608168202355,0.09367106620655306,129810,0.25027571240527946,1.87,0.0077555231420541465,0.022732932512718348,0.013091892276495072,0.881750397298531
5,10017,15801,0.45149041199924056,0.5485095880007594,39.7,0.05898360863236504,0.6850832225808493,0.0224036453389026,0.21213847224859186,111185,0.26852730839820266,1.57,0.005822416302765648,0.016960951838491233,0.021391051199291185,0.9208004300721515
6,10012,23411,0.49459655717397805,0.505403442826022,33.9,0.0638161547990261,0.6976207765580282,0.025458117978727948,0.17320917517406348,90389,0.31882448421682114,1.83,0.004228781342104139,0.012259194395796848,0.0398957754901542,0.8184200043284596
7,11109,5981,0.4840327704397258,0.5159672295602742,32.7,0.05567630830964722,0.6218023741849189,0.041464638020397925,0.25079418157498745,87893,0.5811737167697709,2.02,0.006186256478849691,0.01738839658919913,0.030262497910048487,0.9242686144230872
8,10010,33730,0.5149718351615772,0.48502816483842276,34.7,0.10978357545211978,0.6394900681885561,0.05123035873109991,0.17115327601541655,93605,0.3390750074117996,1.85,0.0050103765194189145,0.013993477616365253,0.02834272161280759,0.7873161053243084
9,10069,5085,0.4629301868239921,0.5370698131760079,36.0,0.011209439528023599,0.6141592920353982,0.02910521140609636,0.3014749262536873,113446,0.34749262536873154,1.99,0.00688298918387414,0.018485742379547688,0.04405113077679449,0.8614932539387598
10,10024,59001,0.45095845833121473,0.5490415416687853,43.1,0.10881171505567702,0.7678683412145557,0.02933848578837647,0.07243945017881052,123179,0.3916374298740699,2.02,0.006542261995559398,0.017033609599837293,0.021542007762580296,0.8781981417012716
11,10464,4434,0.487595850248083,0.5124041497519171,44.9,0.2519170049616599,0.6689219666215607,0.018718989625620207,0.05525484889490302,49875,0.11930536761389265,2.33,0.017140279657194408,0.04397834912043302,0.005187189896256202,0.4478757893292046
12,10004,3028,0.41842800528401586,0.5815719947159842,37.1,0.036988110964332896,0.6056803170409512,0.015521796565389696,0.29689564068692204,122165,0.3705416116248349,1.82,0.007595772787318362,0.019484808454425365,0.04491413474240423,1.0
13,10022,31125,0.453429718875502,0.546570281124498,47.5,0.05416867469879518,0.7878232931726907,0.011983935742971888,0.12212048192771084,146464,0.2451726907630522,1.69,0.007132530120481928,0.01821686746987952,0.023903614457831325,0.9744024319077188
14,10128,59256,0.4276022681247469,0.5723977318752531,39.5,0.12331240718239503,0.7109659781287971,0.02980288915890374,0.09755974078574321,103677,0.3868637775077629,1.92,0.006800999054948022,0.017331578236803025,0.038358984744160926,0.8996590186367589
15,10028,47793,0.4292678844182202,0.5707321155817797,38.9,0.07392295942920511,0.8094909296340468,0.00820203795534911,0.0942815893540895,120002,0.3971292867156278,1.88,0.006821082585315841,0.01719917142677798,0.014102483627309438,0.9121536567705153
16,10021,46215,0.4546143027155685,0.5453856972844314,41.0,0.07928161852212486,0.7928810992102131,0.005842259006815969,0.09375743806123553,121529,0.2486854917234664,1.83,0.008417180569079303,0.02114032240614519,0.028237585199610515,0.8744108939047547
17,10023,62435,0.4348682629935133,0.5651317370064868,43.3,0.10510130535757188,0.7246256106350605,0.03760711139585168,0.10630255465684312,119276,0.3184591975654681,1.8,0.005605830063265796,0.013950508528870025,0.026363417954672858,0.9195532218678976
18,11201,62823,0.47820065899431735,0.5217993410056826,35.2,0.11567419575633128,0.5888130143418812,0.1257501233624628,0.11791859669229422,83309,0.3867055059452748,2.06,0.0060487401111058055,0.014453305318115976,0.05184406984703055,0.7477061672019755
19,10003,54682,0.5029625836655572,0.49703741633444276,32.3,0.08240371603086939,0.7044548480304305,0.05414944588712922,0.1347061190153981,92781,0.2997147141655389,1.7,0.005211952744961779,0.012398961266961706,0.02428587103617278,0.7100894823506451
20,10308,30186,0.48264095938514545,0.5173590406148546,42.9,0.09567349102232824,0.8370767905651627,0.01026966143245213,0.049758166037235804,38608,0.11803485059299013,2.83,0.014609421586165773,0.033856754786987346,0.007221890942821175,0.3592629024318953
21,10016,51057,0.47329455314648333,0.5267054468535166,33.5,0.06939303131793878,0.6627103041698493,0.034862996259082984,0.1909238694008657,98378,0.26852341500675714,1.71,0.008656991205907124,0.01974264057817733,0.04210979885226316,0.8391245313532878
22,10025,92805,0.4513765422121653,0.5486234577878347,41.3,0.23421151877592802,0.5460373902268196,0.09910026399439685,0.08912235332148052,72802,0.3314045579440763,2.09,0.007025483540757502,0.016001293033780506,0.03152847368137492,0.6830027413655846
23,10009,57925,0.4578161415623651,0.5421838584376348,37.1,0.24768234786361676,0.5123349158394476,0.08521363832542081,0.12823478636167457,51655,0.32063875701337935,1.93,0.006715580492015537,0.015174794993526112,0.02653431160984031,0.5774899986252342
24,11215,70156,0.47888990250299335,0.5211100974970067,36.0,0.16289412167170306,0.6693796681680826,0.03757340783397001,0.07883858828895604,70556,0.39271053081703633,2.43,0.005117167455385142,0.011559952106733565,0.05131421403728833,0.7398376079896567
25,10309,33531,0.5022814708776953,0.49771852912230474,40.5,0.09266052309802869,0.8504070859801378,0.005755867704512242,0.0359667173660195,41982,0.11246309385344905,2.91,0.017148310518624556,0.03871044704899943,0.01520980585130178,0.3097890899413266
26,10013,28709,0.48866209202689054,0.5113379079731095,38.0,0.06019018426277474,0.5239471942596399,0.03636490299209307,0.33247413703019957,111109,0.24225852520115643,2.23,0.0056428297746351315,0.012713783134208784,0.047023581455292764,0.554135108761948
27,10019,43703,0.5128480882319292,0.4871519117680708,39.5,0.16767727615953137,0.5671464201542228,0.05333729949889024,0.1728485458664165,97327,0.2943733839782166,1.7,0.0077569045603276664,0.017458755691828937,0.038990458320939066,0.8323698863464576
28,10471,21896,0.47396784800876873,0.5260321519912313,44.9,0.2284892217756668,0.5854493971501644,0.10394592619656558,0.05763609791742784,49313,0.19309462915601022,2.18,0.014157837047862623,0.031603945926196565,0.024479356960175374,0.5375246023026464
29,10306,53142,0.46866884949757254,0.5313311505024274,43.9,0.14705882352941177,0.7462270896842422,0.03106770539309774,0.058334274208723794,36961,0.1284106732904294,2.63,0.017255654661096683,0.03850062097775771,0.017312107184524483,0.3097567574536707
30,10044,11682,0.47063858928265706,0.5293614107173429,42.2,0.13293956514295496,0.3807567197397706,0.11093990755007704,0.33881184728642355,52767,0.3772470467385722,2.13,0.007875363807567197,0.017205957883923987,0.03655196028077384,0.7354807072659987
31,10014,30738,0.5046847550263518,0.49531524497364826,38.3,0.06659509402043073,0.8389290129481424,0.01011776953607912,0.05611946125317197,123235,0.3512264948923157,1.66,0.0069295334764786255,0.01506278873056152,0.02823866224217581,0.9691262796323241
32,10036,27428,0.5440425842205046,0.4559574157794954,36.7,0.2154003208400175,0.5140732098585388,0.06292839434154879,0.1902435467405571,80259,0.32845996791599824,1.66,0.008567886830975646,0.01855767828496427,0.017354528219337903,0.7685404325089544
33,10075,21556,0.46836147708294673,0.5316385229170533,45.0,0.1424197439228057,0.7590462052328818,0.03140656893672295,0.04857116348116534,120658,0.3131378734459083,1.9,0.012293560957506031,0.02648914455372054,0.018556318426424197,0.8004353847842818
34,10305,42298,0.47626365312780744,0.5237363468721925,39.5,0.16360111589200435,0.6234337320913519,0.062130597191356565,0.12778381956593693,31731,0.15386070263369425,2.82,0.01711664854130219,0.03662111683767554,0.023050735259350325,0.30502925108240825
35,10310,23262,0.4756684721863984,0.5243315278136016,38.8,0.31600894162152865,0.4159573553434786,0.1885908348379331,0.06229043074542172,32884,0.13438225432035078,2.77,0.017066460321554466,0.036411314590318974,0.017152437451637866,0.2853636724030571
36,10018,9687,0.5310209559203055,0.46897904407969443,32.8,0.15185299886445752,0.4759987612263859,0.04459585010839269,0.29596366264065244,86150,0.3043253845359761,1.88,0.01620728811809642,0.034375967791886036,0.03158872716011149,0.7672535407970974
37,11697,3540,0.47994350282485876,0.5200564971751412,49.1,0.06468926553672316,0.9161016949152543,0.005932203389830509,0.005649717514124294,51177,0.05141242937853107,2.59,0.017796610169491526,0.03728813559322034,0.007627118644067797,0.45410344289154086
38,10307,15232,0.4889705882352941,0.5110294117647058,39.7,0.09184611344537816,0.8727022058823529,0.003676470588235294,0.027442226890756302,39923,0.08390231092436974,2.86,0.016609768907563025,0.03479516806722689,0.004332983193277311,0.3165875093096372
39,10001,22924,0.5091170825335892,0.4908829174664108,36.7,0.14159832489966848,0.5314081312161927,0.056229279357878206,0.25,84765,0.30902111324376197,1.76,0.009640551387192463,0.02015355086372361,0.02076426452626069,0.6939608972938031
40,11360,19621,0.4624127210641659,0.537587278935834,48.5,0.09775240813414199,0.5520615666887518,0.007593904490087152,0.32398960297640284,47627,0.119310942357678,2.28,0.009020946944600173,0.018857346720350644,0.018602517710616176,0.5481200049156447
41,10312,61741,0.4839895693299428,0.5160104306700571,41.6,0.1009701818888583,0.8200223514358368,0.01213132278388753,0.05435610048428111,39200,0.10122932897102412,2.88,0.016714986799695502,0.034822889166032295,0.012520043407136262,0.3333852688012948
42,11231,37845,0.4644470868014269,0.5355529131985731,35.9,0.18620689655172415,0.5797859690844233,0.1217069626106487,0.05316422248645792,65277,0.3229224468225657,2.41,0.0065266217465979656,0.013555291319857313,0.05913594926674594,0.5844563724459021
43,10314,90761,0.48216745077731626,0.5178325492226837,40.8,0.1512323575103844,0.6246735932834587,0.03693216249270061,0.1642115005343705,36201,0.12026090501426824,2.85,0.01771686076618812,0.03667874968323399,0.022950386179085732,0.32891776147852775
44,10011,50472,0.5162862577270566,0.4837137422729434,40.6,0.11301315580916152,0.7147527341892534,0.04719448407037565,0.09167459185290855,121991,0.3606950388334126,1.68,0.007112854652084324,0.014701220478681248,0.03336503407830084,0.871381901007644
45,10465,44205,0.48417599819025,0.5158240018097501,41.5,0.44266485691663837,0.42750820042981563,0.08856464200882253,0.02836783169324737,34284,0.1368397240131207,2.65,0.019952494061757718,0.04103608189118878,0.012894468951476078,0.2418006551317259
46,11363,6952,0.48058112773302647,0.5194188722669736,47.8,0.1314729574223245,0.5079113924050633,0.01611047180667434,0.3256616800920598,51363,0.1760644418872267,2.61,0.009925201380897584,0.0202819332566168,0.01884349827387802,0.5607274843942016
47,10463,71360,0.47142656950672646,0.5285734304932735,39.8,0.5110986547085202,0.31647982062780267,0.11182735426008969,0.036140695067264576,34911,0.2530689461883408,2.4,0.01297645739910314,0.026387331838565023,0.02445347533632287,0.3631684915246855
48,11362,18721,0.4693125367234656,0.5306874632765344,49.4,0.08861706105443086,0.44276480957213826,0.00801239250040062,0.4325623631216281,41235,0.112120079055606,2.58,0.009240959350462048,0.01869558250093478,0.02804337375140217,0.44787941242589274
49,11222,36492,0.49325879644853665,0.5067412035514633,34.8,0.1424147758412803,0.7342431217801162,0.03685739340129343,0.049846541707771565,51177,0.4152416968102598,2.1,0.007179655814973145,0.014441521429354379,0.03663816726953853,0.6080758821172003
50,10038,22800,0.4691228070175439,0.5308771929824562,36.2,0.14114035087719298,0.44951754385964915,0.06833333333333333,0.3100438596491228,65330,0.28776315789473683,2.11,0.006798245614035088,0.013421052631578948,0.030964912280701754,0.5314990381939955
51,11105,37382,0.5032903536461398,0.49670964635386017,35.4,0.2196779198544754,0.6092504413889037,0.021159916537370926,0.12166283237921995,40501,0.370311914825317,2.43,0.007677491840992991,0.01511422609812209,0.02824888984002996,0.4833202222113926
52,10026,39363,0.4604323857429566,0.5395676142570435,35.1,0.21311891878159694,0.19673297258847142,0.5029088230063765,0.05863374234687397,41556,0.3880547722480502,2.48,0.007977034270761883,0.015700022864110968,0.028605543276681147,0.4164021023879448
53,11209,67809,0.47934639944550134,0.5206536005544987,40.6,0.168723915704405,0.6454895367871522,0.027031809936734062,0.1333746257871374,43049,0.2864221563509269,2.3,0.009010603312244687,0.01768201861109882,0.02538011178457137,0.4782582338424639
54,10282,5593,0.4839978544609333,0.5160021455390666,35.3,0.07580904702306454,0.6695869837296621,0.008045771500089397,0.20793849454675487,133043,0.23207580904702307,2.51,0.008582156266762024,0.01680672268907563,0.03861970320042911,0.7172097273489959
55,10304,41064,0.4927186830313657,0.5072813169686343,38.1,0.2523621663744399,0.37840931229300606,0.2516803039158387,0.09541203974284045,31436,0.15816773816481589,2.82,0.019603545684784725,0.038330411065653616,0.022136177673874928,0.27650666333191093
56,11101,30043,0.5091701893952002,0.4908298106047998,34.1,0.263222714109776,0.3244016909096961,0.1447924641347402,0.22544353093898745,46327,0.3944346436773957,2.24,0.011683254002596278,0.022833938022168227,0.04213959990680025,0.46530525209972673
57,10302,18204,0.5115908591518348,0.4884091408481652,34.9,0.41084377059986815,0.3120742693913426,0.1923753021313997,0.06970995385629532,27428,0.11920457042408263,2.94,0.01796308503625577,0.03438804658316853,0.014996704021094265,0.1993374407693546
58,11358,37190,0.49389620865824146,0.5061037913417585,43.9,0.16835170744823877,0.33546652325894055,0.0049475665501478895,0.4698305996235547,32348,0.1860446356547459,2.85,0.008093573541274535,0.015488034417854261,0.021403603119118042,0.3034482005239247
59,10027,64548,0.46173390345169485,0.5382660965483052,31.0,0.2544927805664002,0.2508830637664993,0.3675249426783169,0.09482865464460556,32087,0.2713019768234492,2.4,0.007544772882196195,0.014392390159261324,0.032270558344177976,0.39105103413212355
60,11216,56308,0.4688498969950984,0.5311501030049016,34.2,0.10795979256943951,0.2602827306954607,0.5467073950415572,0.05146693187468921,38741,0.4007068267386517,2.31,0.006819634865383249,0.012875612701569937,0.03358314981885345,0.45211276281368895
61,10002,74993,0.48311175709732906,0.5168882429026709,43.6,0.2718920432573707,0.21964716706892642,0.0699931993652741,0.41133172429426745,32694,0.2387422826130439,2.18,0.007387356153240969,0.013934633899163922,0.027135866014161323,0.3174414434974438
62,11364,36806,0.4904906808672499,0.5095093191327501,44.8,0.0957995978916481,0.3402434385697984,0.02092050209205021,0.5190186382655002,37342,0.16951040591207955,2.71,0.007199913057653644,0.013557572134977993,0.0240178231810031,0.4161146749814183
63,11217,41407,0.4699205448354143,0.5300794551645857,35.0,0.18525853116622792,0.5088994614437172,0.1870456686067573,0.07532542806771803,67630,0.39609244813678846,2.33,0.007993817470476006,0.014997464196874925,0.04347091071557949,0.6604580872621908
64,10301,38733,0.4763121885730514,0.5236878114269486,38.2,0.24761830996824413,0.4248573567758759,0.21170578060052153,0.05989724524307438,31347,0.1780393979294142,2.52,0.016187746882503292,0.030361707071489427,0.0559213074122841,0.3181325418919233
65,10029,79597,0.45675088257095114,0.5432491174290488,35.1,0.4789376484038343,0.15465406987700542,0.25827606568086736,0.09290551151425305,29103,0.277987863864216,2.4,0.010716484289608905,0.020013317084814755,0.01522670452403985,0.2544213720222745
66,11205,46064,0.4632684960055575,0.5367315039944425,29.8,0.1769928794720389,0.42267280305661686,0.2949374782910733,0.06812261201806183,31851,0.2730548801667246,2.67,0.008596734977422716,0.015934352205626955,0.0372742271622091,0.30937099085613784
67,10461,50348,0.4865535870342417,0.5134464129657583,37.8,0.4660761102725034,0.3327639628187813,0.0767061253674426,0.10691586557559386,28845,0.20922380233574323,2.6,0.02059664733455152,0.038134583300230396,0.017537935965678875,0.257563324286301
68,11375,73488,0.45851023296320487,0.5414897670367951,42.7,0.15744067058567385,0.4997278467232745,0.024833986501197475,0.27936533855867623,49852,0.3098192902242543,2.22,0.013199433921184412,0.02439854125843675,0.03863215763117788,0.627169347512622
69,11379,37851,0.47253705318221445,0.5274629468177855,42.7,0.20134210456791102,0.661805500515178,0.008559879527621463,0.10969327098359356,36661,0.20947927399540303,2.78,0.01157168899104383,0.021373279437795566,0.01859924440569602,0.3281201017564393
70,10470,15432,0.4580741316744427,0.5419258683255573,40.5,0.2109253499222395,0.3622343182996371,0.3702695697252462,0.034797822706065316,31829,0.2385303265940902,2.52,0.017236910316226022,0.031817003628823226,0.02177293934681182,0.2923792133537848
71,11361,27246,0.4895030463187257,0.5104969536812743,43.3,0.12882624972473022,0.4178227996770168,0.0360419878147251,0.4056008221390296,38598,0.1637304558467298,2.67,0.00946927989429641,0.017397049108125964,0.011708140644498275,0.39800617590135395
72,11106,38363,0.49002945546490106,0.5099705445350989,35.5,0.2826681959179418,0.4113077705080416,0.05984933399369184,0.2072569924145661,37016,0.40015118734197014,2.24,0.009123374084404244,0.01676094153220551,0.03891770716575867,0.48185672180262024
73,11365,44983,0.4748238223328813,0.5251761776671187,40.8,0.19709668096836583,0.25316230575995374,0.07440588666829691,0.44616855256430205,30662,0.1723984616410644,2.88,0.010159393548673944,0.01840695373807883,0.02916657403908143,0.3326331498320997
74,10462,76756,0.47020428370420553,0.5297957162957945,36.3,0.4753113763093439,0.11606910208973892,0.24818906665276982,0.12542341966751785,25705,0.29731877638230236,2.59,0.0159336077961332,0.028857678878524154,0.035007035280629525,0.21261752923475183
75,10039,27726,0.4261703815912862,0.5738296184087138,33.7,0.3382384765202337,0.06751785327851115,0.5508908605640914,0.01630238765058068,26427,0.32070980307292796,2.44,0.009666017456538988,0.017492606217990335,0.02705042198658299,0.2309819379149242
76,10475,43208,0.4248750231438623,0.5751249768561377,45.0,0.2902703203110535,0.07912886502499537,0.5679272356970931,0.027448620625810036,28976,0.24803277170894278,2.22,0.02191723754860211,0.039159414923162376,0.035224958341047954,0.2713501653848972
77,10035,35743,0.49511792518814873,0.5048820748118513,36.3,0.4458215594661892,0.10178216713762135,0.3700584729877179,0.04428839213272529,22799,0.27756483787035224,2.27,0.012841675293064377,0.02294155498978821,0.0380494082757463,0.23235028439169791
78,10303,25947,0.49369869349057693,0.5063013065094231,33.1,0.3893706401510772,0.17655220256677073,0.3292480826299765,0.0808956719466605,24065,0.15836127490654026,3.16,0.019501291093382663,0.034801711180483294,0.023933402705515087,0.16054067045251827
79,11426,20801,0.49939906735253115,0.5006009326474689,38.6,0.18931782125859334,0.2804672852266718,0.06143935387721744,0.4412768616893419,34168,0.12965722801788376,3.26,0.014470458151050431,0.02581606653526273,0.02749867794817557,0.3573106916919528
80,11228,44994,0.48948748722051827,0.5105125127794817,41.1,0.12975063341778903,0.49175445614970886,0.00880117348979864,0.35375827888162864,32795,0.21105036227052495,2.93,0.008112192736809352,0.014401920256034139,0.01593545806107481,0.30362397999565255
81,11103,36140,0.4866076369673492,0.5133923630326508,33.8,0.22700608743774212,0.5797731045932485,0.01892639734366353,0.14753735473159935,39470,0.4414499169894853,2.3,0.008439402324294411,0.014941892639734366,0.02675705589374654,0.5303945662793295
82,10034,42910,0.47450477744115593,0.5254952225588441,36.4,0.697389885807504,0.2010720111862037,0.05427639244931252,0.030249359123747377,28411,0.3412724306688418,2.66,0.00822652062456304,0.014542064786762992,0.017012351433232348,0.27521547945758046
83,11357,39902,0.4750889679715303,0.5249110320284698,45.5,0.15638313868978998,0.5976893388802567,0.004686481880607488,0.2197884817803619,38271,0.1164853892035487,2.73,0.011327752994837351,0.01999899754398276,0.021452558768984012,0.3679292164354587
84,11229,83615,0.48163607008311904,0.518363929916881,40.8,0.10810261316749387,0.5940560904143993,0.05103151348442265,0.22059439095856007,31040,0.22754290498116367,2.69,0.009818812414040543,0.017329426538300545,0.02621539197512408,0.3444341126510956
85,11223,81789,0.4904449253567106,0.5095550746432894,36.5,0.1674675078555796,0.5212314614434704,0.03498025406839551,0.24141388206238001,26454,0.23125359155876707,2.92,0.011248456393891599,0.019819291102715523,0.03490689457017447,0.2589281074759824
86,11102,30800,0.4991883116883117,0.5008116883116883,33.7,0.30753246753246755,0.429512987012987,0.08633116883116883,0.15097402597402598,38734,0.3892857142857143,2.33,0.010162337662337663,0.017857142857142856,0.02564935064935065,0.4557059872635751
87,11235,78128,0.4791112021298382,0.5208887978701617,45.1,0.08308160966618881,0.7188203972967439,0.02319270939995904,0.14412246569731724,31978,0.21521093590006143,2.38,0.012210731107925456,0.021375179193118984,0.030782817939791113,0.4771668480594784
88,10037,21139,0.44462841194001607,0.5553715880599839,35.3,0.21368087421353896,0.058990491508586027,0.6781304697478594,0.024977529684469466,30750,0.28369364681394577,2.14,0.01111689294668622,0.01944273617484271,0.02422063484554615,0.3317641674908552
89,11214,92946,0.49035999397499624,0.5096400060250038,39.6,0.1643212187721903,0.426871516794698,0.012297463043057259,0.3737869300454027,25960,0.2660146751877434,2.88,0.008478041013061348,0.014782777096378543,0.022722871344651733,0.27653176139392427
90,11356,23362,0.4975601403989384,0.5024398596010615,37.1,0.4030904888280113,0.26491738720999913,0.01519561681362897,0.2898296378734697,25776,0.1395000428045544,3.13,0.01267014810375824,0.022001540963958566,0.026966869274890847,0.1633319577536832
91,11374,42653,0.45917051555576394,0.5408294844442361,43.8,0.1628724825920803,0.4353269406606804,0.03884838112207817,0.31838323212904135,37825,0.3040817761939371,2.19,0.016083276674559818,0.027899561578318056,0.04456896349611985,0.5229402200123391
92,11238,54540,0.4671983865053172,0.5328016134946828,35.8,0.10903923725705904,0.4251008434176751,0.3542170883755042,0.060854418775210854,53712,0.41604327099376603,2.17,0.008324165749908324,0.01442977631096443,0.05078841217455079,0.6354009452758461
93,11378,37279,0.4873521285442206,0.5126478714557794,37.7,0.3220848198717777,0.5407870382789238,0.01424394431181094,0.10279245687920813,32412,0.21824619759113711,2.94,0.010783551060919015,0.018670028702486654,0.02009174065827946,0.2583470426098256
94,11366,14650,0.4762457337883959,0.5237542662116041,40.6,0.08860068259385666,0.3895563139931741,0.048668941979522186,0.4515358361774744,33892,0.17133105802047782,3.12,0.016996587030716725,0.029419795221843004,0.021638225255972695,0.3782830227682768
95,11694,21354,0.5119415566170272,0.4880584433829727,48.5,0.1490587243607755,0.7300271611875995,0.06008242015547438,0.0347475882738597,45846,0.10485155006087853,2.35,0.01737379413692985,0.03001779526084106,0.026084106022290904,0.435027522790569
96,11206,88349,0.4846913943564726,0.5153086056435274,29.3,0.37122095326489263,0.334287881017329,0.20929495523435465,0.06752764604013628,22147,0.2744230268593872,2.83,0.008794666606300015,0.015178440050255237,0.01766856444328742,0.16230271749075437
97,11367,41824,0.4809200459066565,0.5190799540933435,36.4,0.1785099464422341,0.4640397857689365,0.07352237949502678,0.2547580336648814,27930,0.17805566182096405,2.8,0.014441469013006886,0.02486610558530987,0.029169854628921195,0.30735673873522856
98,11415,19372,0.47764815197191823,0.5223518480280818,38.9,0.24948379103861243,0.4651042742102003,0.04991740656617799,0.18950030972537682,39619,0.2733842659508569,2.31,0.016105719595292174,0.02756555853809622,0.04599421845963246,0.42760307743015163
99,10458,83960,0.48136017151024296,0.518639828489757,29.0,0.6975107193901858,0.08331348261076703,0.17409480705097666,0.02778704144830872,16992,0.26314911862791807,2.96,0.01207717960933778,0.020664602191519773,0.01729394949976179,0.055415924845479664
100,10473,59609,0.45154255229914947,0.5484574477008506,36.1,0.6083812847053297,0.02575114496133134,0.33421127682061436,0.01540035900619034,22755,0.18861245785032463,2.83,0.018201949370061567,0.03088459796339479,0.016255934506534248,0.11857273969655445
101,11693,12919,0.48827308615217896,0.511726913847821,39.5,0.29491446706401425,0.4694635807725056,0.1606161467605852,0.040328198776995124,30940,0.2034987228113631,2.61,0.01586810124622649,0.026859664060685812,0.03467760662589984,0.23426130630523262
102,10466,72479,0.43932725341133294,0.5606727465886671,36.6,0.22035348169814706,0.02861518508809448,0.6906000358724597,0.029925909573807585,24043,0.2147104678596559,3.03,0.017756867506450145,0.02995350377350681,0.030505387767491274,0.1716930106803768
103,11385,106717,0.4974465174245903,0.5025534825754098,35.4,0.4427223403956258,0.46128545592548514,0.016023688821837197,0.0665404762127871,29257,0.3001677333508251,3.03,0.010223300879897299,0.017232493417168773,0.013428038644264737,0.2342000075553739
104,11414,29219,0.4767103596974571,0.5232896403025429,45.0,0.22290290564358808,0.6784626441698894,0.01772819056093638,0.05048085150073582,37839,0.12231767000924056,2.73,0.016188096786337657,0.02717409904514186,0.03042540812485027,0.2768149104489062
105,10460,59505,0.4646164187883371,0.5353835812116629,31.6,0.6950508360641963,0.025863372825812955,0.252802285522225,0.014923115704562642,15344,0.23939164776069238,2.85,0.013461053692966978,0.022586337282581297,0.011360389883203093,0.0423890796537886
106,11224,46707,0.4480912925257456,0.5519087074742544,45.5,0.20373819770055882,0.510480227803113,0.20630740574217998,0.058941914488192346,22454,0.19660864538506007,2.43,0.010662213372727858,0.017855995889267135,0.02053225426595585,0.32845371356248554
107,11221,83835,0.47888113556390527,0.5211188644360947,31.6,0.34330530208146953,0.16452555615196518,0.43364943042881854,0.03357786127512376,27350,0.33042285441641317,2.68,0.007777181368163655,0.01291823224190374,0.02494185006262301,0.2407751890748967
108,11427,24037,0.4944876648500229,0.5055123351499771,42.0,0.19453342763240006,0.19811124516370596,0.19707118192786122,0.31122852269417983,32689,0.18292632192037275,3.08,0.018970753421808047,0.03149311478137871,0.09905562258185298,0.2939383831785676
109,10451,47798,0.4672580442696347,0.5327419557303653,34.1,0.5907360140591656,0.026444621113854136,0.35382233566258003,0.011653207247165153,20815,0.2585045399389096,2.49,0.017197372274990585,0.02847399472781288,0.01734382191723503,0.1141886887961675
110,11218,74508,0.5038116712299351,0.49618832877006497,34.2,0.1756724110162667,0.5246684919740162,0.07565630536318248,0.18506737531540238,31494,0.2714473613571697,2.97,0.013260321039351479,0.021876845439415902,0.038935416331132226,0.3536231328433128
111,11104,26119,0.49596079482369154,0.5040392051763084,37.8,0.3143305639572725,0.43497071097668366,0.012289903901374478,0.21861480148550863,37008,0.410084612734025,2.25,0.010375588651939202,0.017113978329951377,0.019794019679160765,0.4622386004249799
112,11422,32082,0.4638114830746213,0.5361885169253787,38.4,0.09569228851069135,0.03282214325790163,0.8251044199239449,0.0198865407393554,31779,0.17028240134654946,3.32,0.017673461754254723,0.02908172807181597,0.026494607568106728,0.23908410810362604
113,10467,103732,0.47955307908842015,0.5204469209115798,33.7,0.5233293487062816,0.09385724752246173,0.3044769212971889,0.05703158138279412,19100,0.255658813095284,2.78,0.017525932209925578,0.028833918173755448,0.021304901091273667,0.13465765608379765
114,11435,59296,0.49661022665947113,0.5033897733405289,35.8,0.31077981651376146,0.11361643281165677,0.22407919589854292,0.24273138154344306,26826,0.28922692930383165,3.08,0.013913248785752834,0.02288518618456557,0.1087931732325958,0.21953108963198156
115,11234,95666,0.47515313695565825,0.5248468630443418,40.3,0.10477076495306588,0.375263939121527,0.4358810862793469,0.06638722221060774,34686,0.19859720276796353,3.0,0.012428658039428846,0.020404323375075785,0.01769698743545251,0.3228295860689524
116,11354,55200,0.4534963768115942,0.5465036231884058,45.5,0.1594746376811594,0.1641304347826087,0.030253623188405798,0.626286231884058,24143,0.18916666666666668,2.65,0.00875,0.014329710144927536,0.019855072463768116,0.2066638778006779
117,10032,64264,0.50048238516121,0.49951761483879,34.7,0.662797211502552,0.14063861571019545,0.13595481140296278,0.04493962405079049,25183,0.3480486742188473,2.98,0.01168616955060376,0.019124237520229057,0.015669737333499315,0.2614561426425173
118,10456,94218,0.4653463244815216,0.5346536755184784,30.9,0.6152858264875077,0.012025303020654228,0.34315099025663887,0.008310513914538624,15315,0.23833025536521685,2.98,0.0124710777133881,0.02034643061835318,0.021227366320660596,0.03794172020321263
119,11233,76819,0.4568661398872675,0.5431338601127326,33.0,0.1598042151030344,0.06925370025644698,0.7360939350941824,0.01637615694034028,24714,0.30294588578346504,2.57,0.00801884950337807,0.013082700894310002,0.018471992605995913,0.1952770840553812
120,11213,66295,0.4591145636925862,0.5408854363074138,33.4,0.10649370239082886,0.20591296477864093,0.6421298740478166,0.018885285466475603,23547,0.28189154536541217,2.61,0.012233200090504564,0.019941172034090054,0.026578173316238025,0.21417290847562728
121,10030,29882,0.4428418445887156,0.5571581554112844,36.1,0.2561742855230574,0.10765678334783482,0.5721839234321665,0.017937219730941704,32614,0.3319389599089753,2.3,0.009370189411685964,0.015226557793989693,0.0460477879659996,0.2660719618902034
122,10469,73870,0.46547989711655613,0.5345201028834439,40.2,0.2899417896304318,0.10703939352917287,0.5187220793285502,0.06439691349668336,25877,0.20467036686070122,3.18,0.021348314606741574,0.034628401245431165,0.01989982401516177,0.21112739390703503
123,10455,42283,0.47707116335170163,0.5229288366482984,30.6,0.7183028640351915,0.013315043871059291,0.24331291535605326,0.012321736868244922,15012,0.2507863680438947,2.85,0.013811697372466476,0.022373057730056996,0.01274743986945108,0.03892300881195835
124,10459,48351,0.47577092511013214,0.5242290748898678,31.3,0.6789931955905772,0.016359537548344398,0.28876341750946205,0.007362826001530475,15770,0.24189778908398998,2.9,0.015759756778556802,0.02552170585923766,0.008521023350085831,0.06545233460851536
125,11207,91972,0.447831948853999,0.552168051146001,34.1,0.332764319575523,0.04017527073457139,0.5876679859087548,0.01408037228721785,20285,0.2761383899447658,2.7,0.010394467881529161,0.016831209498543036,0.025312051493932935,0.1280056644560277
126,10033,59607,0.5069203281493784,0.49307967185062157,35.8,0.6851879812773668,0.2363816330296777,0.04106900196285671,0.020769372724679987,27673,0.33482644655829014,2.99,0.010787323636485647,0.017447615212978343,0.016592011005418825,0.3018143365396533
127,11417,31927,0.47956275252920727,0.5204372474707928,38.3,0.38531650327309175,0.19557114667836,0.057756757603282485,0.2859961787828484,26359,0.2170576627932471,3.52,0.013750117455445235,0.02223823096438751,0.07535941366241738,0.19104432103344574
128,11204,76978,0.49970121333367973,0.5002987866663202,34.7,0.1090701239315129,0.5439476213983216,0.011055106653849152,0.3166619034009717,22425,0.21030684091558627,3.26,0.014731481722050455,0.023773026059393593,0.019265244615344644,0.1955456315238744
129,11370,32514,0.5930983576305592,0.4069016423694409,37.5,0.37377744971396937,0.2533062680691395,0.1379098234606631,0.2195361997908593,24012,0.18512025588977057,3.17,0.026050316786614996,0.04198191548256136,0.015470258965368765,0.21613364080146788
130,11230,89075,0.47955094021891664,0.5204490597810834,33.8,0.10237440359247825,0.6599158012910469,0.06890822340724109,0.14085882683132192,27187,0.20207690148751054,2.89,0.014920011226494527,0.023991018804378334,0.027942744877911874,0.3061267186037181
131,10457,74554,0.47061190546449555,0.5293880945355045,29.8,0.665691981650884,0.014110577567937333,0.294605252568608,0.009147731845373822,15091,0.23845803042090297,2.9,0.013466748933658824,0.021621911634519944,0.016444456367196932,0.042087591916086096
132,11419,49618,0.5035067918900399,0.4964932081099601,37.0,0.18860091095973236,0.04304889354669676,0.157442863476964,0.3222620823088395,23360,0.2420492563182716,3.97,0.01138699665443992,0.018219194647103875,0.28864524970776734,0.16034021060909498
133,11239,13244,0.40818483841739656,0.5918151615826034,46.8,0.18929326487466022,0.18778314708547267,0.5872848082150408,0.021443672606463304,19805,0.20582905466626397,1.95,0.019707037148897613,0.031485955904560554,0.014195107218363033,0.19484352701184118
134,10453,79606,0.45531743838404143,0.5446825616159586,30.4,0.6915433510036932,0.011820717031379544,0.27406225661382305,0.013102027485365425,13993,0.24597392156370124,2.86,0.014923498228776725,0.023804738336306308,0.009471647865738763,0.04177652571144057
135,11692,20991,0.464722976513744,0.535277023486256,34.2,0.24400933733504834,0.09970939926635225,0.5698156352722595,0.05711971797436997,22072,0.17712352913153256,2.95,0.014768234005049783,0.0234862560144824,0.02934591015196989,0.1484469211489894
136,11210,67040,0.4563693317422434,0.5436306682577565,35.6,0.07034606205250597,0.29494331742243435,0.5685113365155131,0.042183770883054895,30110,0.24812052505966586,3.0,0.013708233890214798,0.02177804295942721,0.024015513126491646,0.280551805835295
137,10454,38203,0.48344370860927155,0.5165562913907285,29.6,0.6794230819569144,0.023244247833939743,0.2814700416197681,0.003402874119833521,13394,0.24113289532235688,2.83,0.014815590398659791,0.023453655472083345,0.012459754469544277,0.0
138,11220,95643,0.5051598130547975,0.4948401869452025,34.3,0.4165490417490041,0.14064803487970892,0.016279288604497975,0.41237727800257207,20151,0.2751272962997815,3.39,0.008448082975230807,0.013351735098229876,0.014146356764216932,0.12611765887417542
139,11420,48489,0.4901111592319908,0.5098888407680092,39.2,0.24046691002082946,0.048815195198911095,0.23029965559198995,0.30961661407741964,26134,0.1977561921260492,3.68,0.014436263894904,0.02280929695394832,0.1708016251108499,0.15184811182744404
140,11004,15234,0.4689510305894709,0.531048969410529,44.4,0.12577130103715373,0.33412104503085205,0.06583956938427202,0.4285808060916371,38823,0.09130891427071025,2.77,0.021662071681764473,0.03419981620060391,0.04568727845608507,0.4336494460137857
141,11418,38517,0.5024794246696264,0.4975205753303736,35.1,0.4570189786328115,0.16387569125321286,0.06386790248461718,0.2392969338214295,25484,0.23810265597009111,3.48,0.014201521406132357,0.022405690993587246,0.07594049380792897,0.20814956972970278
142,11211,102624,0.497612644215778,0.502387355784222,30.7,0.24316923916432803,0.6394020891799189,0.03724275023386343,0.05533793264733396,42580,0.31448783910196443,2.59,0.011849080137199874,0.018650608044901776,0.02484798877455566,0.3871911408159431
143,11412,37458,0.45829996262480643,0.5417000373751936,40.5,0.05096374606225639,0.007635218110950932,0.8827219819531208,0.023145923434246356,30304,0.2075391104703935,3.39,0.01884777617598377,0.029659885738694006,0.03553313043942549,0.21477781296681833
144,11225,58882,0.4554362963214565,0.5445637036785436,34.8,0.08343806256580959,0.24652695220950374,0.6110526137019803,0.02583132366427771,34358,0.3824428518053055,2.44,0.011106959682076017,0.017475629224550798,0.03315104785842872,0.35471452329649844
145,11355,80853,0.47810223492016374,0.5218977650798362,42.8,0.14771251530555451,0.07474057858088136,0.02852089594696548,0.7262315560337897,21007,0.19221302858273656,2.91,0.00755692429470768,0.011885767998713714,0.022794454132808926,0.19645988629109593
146,10474,12127,0.5302218190813887,0.46977818091861134,30.2,0.6339572853962233,0.01212171188257607,0.34872598334295374,0.000742145625463841,13667,0.18792776449245485,3.18,0.014430609384019131,0.022676671889172918,0.004452873752783046,0.031159149441507397
147,10040,44571,0.46619999551277735,0.5338000044872226,37.4,0.6948015525790312,0.20982253034484305,0.048933162818873256,0.028202194251867808,25371,0.3210383433174037,2.66,0.011487289941890466,0.017993762760539364,0.018240560005384668,0.2937966709001035
148,11423,31400,0.48697452229299365,0.5130254777070063,40.8,0.14187898089171974,0.08939490445859873,0.38480891719745225,0.28503184713375795,29814,0.23015923566878982,3.16,0.01630573248407643,0.025477707006369428,0.09888535031847134,0.2625854657103427
149,11434,65791,0.44411849645088236,0.5558815035491177,37.9,0.07531425270933714,0.015564438905017403,0.8492042984602757,0.02454743049961241,26629,0.20700399750725784,2.96,0.016704412457630984,0.02609779453116688,0.03536957942575732,0.180396942570468
150,11413,42443,0.46587187522088447,0.5341281247791155,39.8,0.04900690337629291,0.014890559102796692,0.9002426784157576,0.011309285394529134,31398,0.17750865867163018,3.41,0.018212661687439624,0.02843814056499305,0.02455057371062366,0.22474547394615801
151,11212,76527,0.42388960758947825,0.5761103924105218,37.6,0.18641786558992252,0.011852026082297752,0.77367465077685,0.012727534072941577,18772,0.2335646242502646,2.23,0.011277065610830165,0.0175101598128765,0.015327923477988161,0.130374463665102
152,10472,68796,0.4859003430432002,0.5140996569567998,32.1,0.6454299668585383,0.026091633234490378,0.2375574161288447,0.06516367230652945,16098,0.2472382115239258,3.11,0.013808942380370951,0.021367521367521368,0.025757311471597186,0.04172180674233596
153,11428,18929,0.48644936341063977,0.5135506365893603,40.8,0.25331501928258227,0.11067673939457974,0.2025463574409636,0.2538433092080934,26603,0.18564107982460776,3.4,0.019229753288604785,0.02968989381372497,0.17961857467378098,0.19383621904780673
154,11432,62053,0.47208031843746473,0.5279196815625352,36.0,0.2443395162200055,0.1293571624256684,0.14719675116432726,0.41285675148663237,25157,0.23834464087151305,3.1,0.014052503505068249,0.021675019741188982,0.06624981870336648,0.2747385005176469
155,11226,100277,0.44998354557874687,0.5500164544212531,34.7,0.17097639538478415,0.12127407082381803,0.6524028441217826,0.028700499616063503,26057,0.3471882884410184,2.71,0.01018179642390578,0.015686548261316154,0.026646190053551663,0.254877760587348
156,11416,27125,0.49393548387096775,0.5060645161290322,35.6,0.4513548387096774,0.1271152073732719,0.04770506912442396,0.3310230414746544,22831,0.24833179723502305,3.75,0.012202764976958526,0.01872811059907834,0.04280184331797235,0.16582313037106686
157,10452,76078,0.4574252740608323,0.5425747259391677,31.6,0.6811824706222561,0.019006808801493205,0.2703409658508373,0.013499303346565367,14712,0.2732721680380662,2.88,0.014537711296301164,0.022292909908252057,0.015970451378848026,0.05069718017449768
158,11436,20077,0.49399810728694526,0.5060018927130547,36.9,0.14788065946107487,0.015340937391044479,0.5972505852467999,0.1038003685809633,28190,0.206006873536883,3.55,0.013946306719131345,0.021367734223240523,0.13572744932011754,0.17349965590491956
159,11208,98660,0.4649199270220961,0.5350800729779039,32.5,0.41309547942428543,0.024204338130954794,0.48801946077437663,0.056973444151631865,19195,0.26288262720454086,3.05,0.010723697547131563,0.016379485100344617,0.017707277518751268,0.1460791917337917
160,10031,60254,0.5073024197563647,0.4926975802436353,34.2,0.5137418262687954,0.1740133435124639,0.23717927440501876,0.03782321505626182,29111,0.4269426096192784,2.72,0.01053871942111727,0.016048727055465197,0.037242340757460086,0.3115633657885204
161,11433,36489,0.45830250212392776,0.5416974978760722,35.0,0.18890624571788758,0.01644331168297295,0.6201320946038532,0.08756063471183097,21593,0.21066622817835512,3.46,0.013510921099509441,0.020554139603716187,0.08695771328345529,0.12473734936922595
162,11203,75451,0.44061708923672316,0.5593829107632768,39.8,0.06422711428609296,0.03818372188572716,0.8624537779486025,0.017746617009714916,25917,0.2729586088984904,2.66,0.013704258392864243,0.020834713920292642,0.01738876886986256,0.22573084229590737
163,11236,100331,0.43607658649868936,0.5639234135013107,37.9,0.07142358792397166,0.043187050861647945,0.8421724093251338,0.026701617645593086,28457,0.26203267185615614,2.97,0.013475396437790912,0.020462269886675107,0.016515334243653507,0.23326640470593754
164,11377,86421,0.5134053065805765,0.4865946934194235,40.0,0.3806945071221115,0.20952083405653718,0.018791728862197845,0.3684636835954224,27309,0.34049594427280405,2.74,0.013573089873988961,0.0206084169356985,0.022529246363731038,0.2919075921507849
165,10468,78647,0.4705964626749908,0.5294035373250092,32.2,0.7576639922692537,0.02953704527826872,0.16228209594771575,0.028278256004679137,17454,0.30320291937391125,2.93,0.01627525525449159,0.024616323572418528,0.022238610500082648,0.08161436947981329
166,11421,41002,0.49990244378323007,0.5000975562167699,37.8,0.5863616408955661,0.16823569581971612,0.029510755572898884,0.1934539778547388,26377,0.2800107311838447,3.52,0.01509682454514414,0.022681820399004928,0.022437929857080142,0.18779336239352065
167,11691,67094,0.4591021551852625,0.5408978448147376,31.1,0.2636301308611798,0.2395892330163651,0.44267743762482487,0.03457835275881599,21531,0.14753927325841357,3.12,0.01721465406742779,0.025561153009210958,0.0195248457388142,0.15336009723376776
168,11237,49310,0.5147434597444738,0.4852565402555263,30.3,0.6297302778341107,0.19856012979111742,0.07540052727641453,0.07213546947880754,24493,0.3636787669843845,2.86,0.00932873656459136,0.01383086595011154,0.024173595619549786,0.2118919690642778
169,11219,90036,0.49964458660980055,0.5003554133901995,27.8,0.12120707272646497,0.6188968856901684,0.009051934781642899,0.24436891909902705,16398,0.1428539695233018,3.64,0.01885912301745968,0.02782220445155271,0.006475187702696699,0.09726112679606033
170,11411,20759,0.46158292788669975,0.5384170721133003,44.2,0.06594729996627968,0.009971578592417747,0.9051495736788863,0.0027939688809672913,35141,0.19003805578303387,3.31,0.020184016571125778,0.0296257045137049,0.01613757888144901,0.29495600348192713
171,11232,27602,0.5182233171509311,0.4817766828490689,33.8,0.5062676617636404,0.22248387797985653,0.04970654300413013,0.19085573509166,26865,0.3339250778929063,2.9,0.010397797261068039,0.015180059415984349,0.03068618216071299,0.2529502521245598
172,11429,27403,0.46896325219866436,0.5310367478013356,39.0,0.12425646826989746,0.015837682005619823,0.7399189869722294,0.04094442214356092,28107,0.19964967339342407,3.72,0.019997810458708902,0.028828960332810277,0.07904244060869248,0.21496108953737414
173,11373,93967,0.5005799908478509,0.4994200091521492,38.2,0.4139325507891068,0.0654272244511371,0.017516787808485958,0.482594953547522,22873,0.34471676226760456,3.09,0.020145370183149405,0.028169463747911502,0.020528483403748125,0.24559990573080206
174,11372,61844,0.4975260332449389,0.5024739667550612,40.5,0.5756419377789276,0.1782226246685208,0.023688635922644072,0.20195976974322488,30059,0.3371224370997995,2.58,0.02386650281353082,0.0322100769678546,0.020487031886682622,0.3004173666599684
175,11369,34118,0.491969048596049,0.508030951403951,38.3,0.6360572132012428,0.08051468433085175,0.14839674072337183,0.12298493463860719,22638,0.22656662172460285,3.22,0.026466967583093966,0.03502549973620962,0.01204642710592649,0.17851587913638925
176,11368,112425,0.5200355792750723,0.47996442072492773,32.4,0.7548854792083611,0.03921725594841005,0.08264176117411608,0.11219034912163664,17595,0.30524349566377584,3.92,0.02175672670669335,0.027591727818545696,0.011065154547476095,0.07086920115832174
